{
  "metrics": {
    "vus_max": {
      "values": {
        "value": 300,
        "min": 300,
        "max": 300
      },
      "type": "gauge",
      "contains": "default"
    },
    "http_req_blocked": {
      "type": "trend",
      "contains": "time",
      "values": {
        "max": 40.343744,
        "p(90)": 0.020462,
        "p(95)": 0.045813,
        "p(99)": 1.4692937999999827,
        "avg": 0.07228390953799864,
        "min": 0.006146,
        "med": 0.014387
      }
    },
    "http_reqs": {
      "contains": "default",
      "values": {
        "count": 504897,
        "rate": 2103.7204485042766
      },
      "type": "counter"
    },
    "http_req_receiving": {
      "type": "trend",
      "contains": "time",
      "values": {
        "min": 0.034361,
        "med": 0.089742,
        "max": 75.052253,
        "p(90)": 0.153924,
        "p(95)": 0.2850093999999999,
        "p(99)": 2.451291719999972,
        "avg": 0.1817109497065494
      }
    },
    "http_req_sending": {
      "values": {
        "med": 0.04756,
        "max": 114.787514,
        "p(90)": 0.081011,
        "p(95)": 0.110274,
        "p(99)": 1.172097359999994,
        "avg": 0.0997456166485753,
        "min": 0.016272
      },
      "type": "trend",
      "contains": "time"
    },
    "http_req_duration": {
      "type": "trend",
      "contains": "time",
      "values": {
        "p(90)": 208.97575520000015,
        "p(95)": 410.8972365999991,
        "p(99)": 681.7659181999998,
        "avg": 64.60103852456017,
        "min": 0.746993,
        "med": 11.557343,
        "max": 1912.756918
      }
    },
    "http_req_duration{expected_response:true}": {
      "type": "trend",
      "contains": "time",
      "values": {
        "p(95)": 409.71779859999947,
        "p(99)": 680.8462831200019,
        "avg": 64.07867312662268,
        "min": 0.746993,
        "med": 11.164083,
        "max": 1912.756918,
        "p(90)": 207.4844128
      }
    },
    "vus": {
      "contains": "default",
      "values": {
        "value": 1,
        "min": 1,
        "max": 299
      },
      "type": "gauge"
    },
    "register_failed": {
      "type": "rate",
      "contains": "default",
      "values": {
        "rate": 0.028924711376775856,
        "passes": 14604,
        "fails": 490293
      },
      "thresholds": {
        "rate<0.01": {
          "ok": false
        }
      }
    },
    "checks": {
      "type": "rate",
      "contains": "default",
      "values": {
        "rate": 0.9710752886232241,
        "passes": 980586,
        "fails": 29208
      }
    },
    "http_req_failed": {
      "type": "rate",
      "contains": "default",
      "values": {
        "rate": 0.028924711376775856,
        "passes": 14604,
        "fails": 490293
      },
      "thresholds": {
        "rate<0.01": {
          "ok": false
        }
      }
    },
    "register_duration": {
      "type": "trend",
      "contains": "default",
      "values": {
        "p(95)": 410.8972365999991,
        "p(99)": 681.7659181999998,
        "avg": 64.60103852456017,
        "min": 0.746993,
        "med": 11.557343,
        "max": 1912.756918,
        "p(90)": 208.97575520000015
      }
    },
    "iterations": {
      "type": "counter",
      "contains": "default",
      "values": {
        "count": 504897,
        "rate": 2103.7204485042766
      }
    },
    "http_req_tls_handshaking": {
      "type": "trend",
      "contains": "time",
      "values": {
        "p(95)": 0,
        "p(99)": 0,
        "avg": 0,
        "min": 0,
        "med": 0,
        "max": 0,
        "p(90)": 0
      }
    },
    "data_received": {
      "values": {
        "count": 61567987,
        "rate": 256531.19987867918
      },
      "type": "counter",
      "contains": "data"
    },
    "http_req_connecting": {
      "contains": "time",
      "values": {
        "p(90)": 0,
        "p(95)": 0,
        "p(99)": 0.8513374399999956,
        "avg": 0.041418065205378496,
        "min": 0,
        "med": 0,
        "max": 37.938461
      },
      "type": "trend"
    },
    "iteration_duration": {
      "values": {
        "avg": 65.50448021997461,
        "min": 1.047648,
        "med": 12.581877,
        "max": 1913.277349,
        "p(90)": 209.85412460000006,
        "p(95)": 411.8076391999999,
        "p(99)": 682.8578950399993
      },
      "type": "trend",
      "contains": "time"
    },
    "status_count": {
      "type": "counter",
      "contains": "default",
      "values": {
        "count": 504897,
        "rate": 2103.7204485042766
      }
    },
    "http_req_waiting": {
      "type": "trend",
      "contains": "time",
      "values": {
        "p(90)": 208.7297648,
        "p(95)": 410.55574359999963,
        "p(99)": 681.57411168,
        "avg": 64.31958195820627,
        "min": 0.620655,
        "med": 11.265809,
        "max": 1912.625134
      }
    },
    "data_sent": {
      "type": "counter",
      "contains": "data",
      "values": {
        "count": 107296500,
        "rate": 447065.12635832484
      }
    },
    "http_req_duration{status:200}": {
      "type": "trend",
      "contains": "time",
      "values": {
        "med": 11.164083,
        "max": 1912.756918,
        "p(90)": 207.4844128,
        "p(95)": 409.71779859999947,
        "p(99)": 680.8462831200019,
        "avg": 64.07867312662268,
        "min": 0.746993
      },
      "thresholds": {
        "p(95)<300": {
          "ok": false
        },
        "p(99)<800": {
          "ok": true
        }
      }
    }
  },
  "root_group": {
    "name": "",
    "path": "",
    "id": "d41d8cd98f00b204e9800998ecf8427e",
    "groups": [],
    "checks": [
        {
          "name": "status 200",
          "path": "::status 200",
          "id": "fad9fa412b86fcb03bee97c80dcd61f1",
          "passes": 490293,
          "fails": 14604
        },
        {
          "fails": 14604,
          "name": "body VALID",
          "path": "::body VALID",
          "id": "a56c51bc8c4423d91b67072ea17e49f8",
          "passes": 490293
        }
      ]
  },
  "options": {
    "summaryTrendStats": [
      "avg",
      "min",
      "med",
      "max",
      "p(90)",
      "p(95)",
      "p(99)"
    ],
    "summaryTimeUnit": "",
    "noColor": false
  },
  "state": {
    "testRunDurationMs": 240001.945296,
    "isStdOutTTY": true,
    "isStdErrTTY": true
  }
}