{
  "metrics": {
    "http_req_blocked": {
      "type": "trend",
      "contains": "time",
      "values": {
        "min": 0.006566,
        "med": 0.015016,
        "max": 59.936569,
        "p(90)": 0.025423,
        "p(95)": 0.032896,
        "p(99)": 0.69200948,
        "avg": 0.05501731859493501
      }
    },
    "iterations": {
      "type": "counter",
      "contains": "default",
      "values": {
        "count": 527777,
        "rate": 1759.1822842293798
      }
    },
    "http_req_duration{expected_response:true}": {
      "type": "trend",
      "contains": "time",
      "values": {
        "med": 7.3459145,
        "max": 412.928966,
        "p(90)": 19.2940653,
        "p(95)": 26.372686649999984,
        "p(99)": 46.88076550999992,
        "avg": 10.076727958293473,
        "min": 0.919143
      }
    },
    "data_received": {
      "type": "counter",
      "contains": "data",
      "values": {
        "count": 62592627,
        "rate": 208633.26848607944
      }
    },
    "vus": {
      "contains": "default",
      "values": {
        "value": 20,
        "min": 20,
        "max": 20
      },
      "type": "gauge"
    },
    "http_req_duration{status:200}": {
      "type": "trend",
      "contains": "time",
      "values": {
        "avg": 10.076727958293473,
        "min": 0.919143,
        "med": 7.3459145,
        "max": 412.928966,
        "p(90)": 19.2940653,
        "p(95)": 26.372686649999984,
        "p(99)": 46.88076550999992
      },
      "thresholds": {
        "p(95)<300": {
          "ok": true
        },
        "p(99)<800": {
          "ok": true
        }
      }
    },
    "http_req_sending": {
      "type": "trend",
      "contains": "time",
      "values": {
        "p(95)": 0.135287,
        "p(99)": 1.557055199999996,
        "avg": 0.12038873060760376,
        "min": 0.0176,
        "med": 0.04924,
        "max": 51.108456,
        "p(90)": 0.09910840000000003
      }
    },
    "register_failed": {
      "contains": "default",
      "values": {
        "rate": 0.003219162638765994,
        "passes": 1699,
        "fails": 526078
      },
      "thresholds": {
        "rate<0.01": {
          "ok": true
        }
      },
      "type": "rate"
    },
    "http_req_tls_handshaking": {
      "type": "trend",
      "contains": "time",
      "values": {
        "avg": 0,
        "min": 0,
        "med": 0,
        "max": 0,
        "p(90)": 0,
        "p(95)": 0,
        "p(99)": 0
      }
    },
    "data_sent": {
      "type": "counter",
      "contains": "data",
      "values": {
        "count": 112156979,
        "rate": 373840.789783349
      }
    },
    "iteration_duration": {
      "type": "trend",
      "contains": "time",
      "values": {
        "med": 8.205322,
        "max": 414.022165,
        "p(90)": 21.35847700000001,
        "p(95)": 29.51885019999986,
        "p(99)": 53.28860247999997,
        "avg": 11.279774344836717,
        "min": 1.258025
      }
    },
    "status_count": {
      "contains": "default",
      "values": {
        "count": 527777,
        "rate": 1759.1822842293798
      },
      "type": "counter"
    },
    "http_req_receiving": {
      "contains": "time",
      "values": {
        "avg": 0.20685007493133675,
        "min": 0.03618,
        "med": 0.093032,
        "max": 53.233077,
        "p(90)": 0.188368,
        "p(95)": 0.288105,
        "p(99)": 3.0633578399999912
      },
      "type": "trend"
    },
    "http_req_failed": {
      "thresholds": {
        "rate<0.01": {
          "ok": true
        }
      },
      "type": "rate",
      "contains": "default",
      "values": {
        "rate": 0.003219162638765994,
        "passes": 1699,
        "fails": 526078
      }
    },
    "http_req_waiting": {
      "type": "trend",
      "contains": "time",
      "values": {
        "min": 0.838264,
        "med": 7.122092,
        "max": 410.104264,
        "p(90)": 18.793316200000003,
        "p(95)": 25.651411799999966,
        "p(99)": 45.38627107999993,
        "avg": 9.771810354464062
      }
    },
    "checks": {
      "type": "rate",
      "contains": "default",
      "values": {
        "rate": 0.996780837361234,
        "passes": 1052156,
        "fails": 3398
      }
    },
    "http_req_duration": {
      "values": {
        "p(95)": 26.414557599999988,
        "p(99)": 46.87627712,
        "avg": 10.099049160003412,
        "min": 0.919143,
        "med": 7.363829,
        "max": 412.928966,
        "p(90)": 19.349702800000003
      },
      "type": "trend",
      "contains": "time"
    },
    "http_req_connecting": {
      "contains": "time",
      "values": {
        "max": 59.546561,
        "p(90)": 0,
        "p(95)": 0,
        "p(99)": 0.34762879999999935,
        "avg": 0.019341288087582433,
        "min": 0,
        "med": 0
      },
      "type": "trend"
    },
    "vus_max": {
      "values": {
        "value": 20,
        "min": 20,
        "max": 20
      },
      "type": "gauge",
      "contains": "default"
    },
    "http_reqs": {
      "type": "counter",
      "contains": "default",
      "values": {
        "count": 527777,
        "rate": 1759.1822842293798
      }
    },
    "register_duration": {
      "type": "trend",
      "contains": "default",
      "values": {
        "min": 0.919143,
        "med": 7.363829,
        "max": 412.928966,
        "p(90)": 19.349702800000003,
        "p(95)": 26.414557599999988,
        "p(99)": 46.87627712,
        "avg": 10.099049160003414
      }
    }
  },
  "root_group": {
    "name": "",
    "path": "",
    "id": "d41d8cd98f00b204e9800998ecf8427e",
    "groups": [],
    "checks": [
        {
          "name": "status 200",
          "path": "::status 200",
          "id": "fad9fa412b86fcb03bee97c80dcd61f1",
          "passes": 526078,
          "fails": 1699
        },
        {
          "path": "::body VALID",
          "id": "a56c51bc8c4423d91b67072ea17e49f8",
          "passes": 526078,
          "fails": 1699,
          "name": "body VALID"
        }
      ]
  },
  "options": {
    "summaryTrendStats": [
      "avg",
      "min",
      "med",
      "max",
      "p(90)",
      "p(95)",
      "p(99)"
    ],
    "summaryTimeUnit": "",
    "noColor": false
  },
  "state": {
    "testRunDurationMs": 300012.684718,
    "isStdOutTTY": true,
    "isStdErrTTY": true
  }
}